{
 "all": {
  "relational_only_minus_ccsf_lr": {
   "delta_auc": 0.1743055555555556,
   "ci": [
    0.10537760416666671,
    0.2524305555555556
   ],
   "auc_a": 0.9737847222222222,
   "auc_b": 0.7994791666666666
  },
  "hybrid_minus_ccsf_lr": {
   "delta_auc": 0.1934027777777778,
   "ci": [
    0.12898437499999996,
    0.2677213541666666
   ],
   "auc_a": 0.9928819444444444,
   "auc_b": 0.7994791666666666
  },
  "hybrid_minus_fixed_ccsf": {
   "delta_auc": 0.5987847222222222,
   "ci": [
    0.5137022569444445,
    0.6850737847222221
   ],
   "auc_a": 0.9928819444444444,
   "auc_b": 0.3940972222222222
  }
 },
 "organic_only": {
  "relational_only_minus_ccsf_lr": {
   "delta_auc": 0.26083333333333336,
   "ci": [
    0.16830555555555557,
    0.3575486111111108
   ],
   "auc_a": 0.9816666666666667,
   "auc_b": 0.7208333333333333
  },
  "hybrid_minus_ccsf_lr": {
   "delta_auc": 0.2747222222222222,
   "ci": [
    0.18472222222222223,
    0.3652777777777777
   ],
   "auc_a": 0.9955555555555555,
   "auc_b": 0.7208333333333333
  },
  "hybrid_minus_fixed_ccsf": {
   "delta_auc": 0.3783333333333333,
   "ci": [
    0.2771805555555556,
    0.4769513888888889
   ],
   "auc_a": 0.9955555555555555,
   "auc_b": 0.6172222222222222
  }
 }
}